FID	IID	PHENO
SRR1	SRR1	-0.4064827580686559
SRR2	SRR2	0.1734451051616927
SRR3	SRR3	1.5995975944171714
SRR4	SRR4	-0.4064827580686559
SRR5	SRR5	0.1734451051616927
SRR6	SRR6	1.5995975944171714
SRR7	SRR7	-0.4064827580686559
SRR8	SRR8	0.1734451051616927
SRR9	SRR9	1.5995975944171714
SRR10	SRR10	-0.4064827580686559
SRR11	SRR11	0.1734451051616927
